Organization,Job/Internship Title,Role Category,Link to Apply or Handshake Job ID,Full-Time ,Internship,Date Added to S/S,Application Deadline if Listed
Daktronics,Product Demonstration Technical Intern,Product,https://careers-daktronics.icims.com/jobs/6505/product-demonstration-technical-intern/job?utm_source=careerwatch.apexearlycareers.com&utm_medium=newsletter&utm_campaign=30-paid-summer-2025-internships&_bhlid=feb680d748017d06130535f17c7cc76216300058&mobile=false&width=920&height=500&bga=true&needsRedirect=false&jan1offset=-300&jun1offset=-240,,X,10/3/24,
Micron Technology,Intern - Product Architecture,Product,https://careers.micron.com/careers/job/24757571?src=JB-12600&domain=micron.com&utm_source=linkedin&_bhlid=1fca8f2aac12d35fa774150b6a62cc1f711a5aa0,,X,10/3/24,
Oracle,Software Engineer Intern - Analytics Cloud,Software,https://eeho.fa.us2.oraclecloud.com/hcmUI/CandidateExperience/en/sites/jobsearch/job/255982?utm_medium=jobboard&utm_source=LinkedIn&_bhlid=bca6d5107e0b93f6c26e199a5b17bfa77546374e,,X,10/3/24,
Accuray,Data Analytics Intern,Data,https://accuray.wd5.myworkdayjobs.com/External/job/Madison-WI/Data-Analytics-Intern_2694?source=LinkedIn&utm_source=careerwatch.apexearlycareers.com&utm_medium=newsletter&utm_campaign=30-paid-summer-2025-internships&_bhlid=ff07ad1d74c1ce9a41bbc82838c25a88bbf83aa3,,X,10/3/24,
Intuitive,AI Research Intern,Data,https://careers.intuitive.com/en/jobs/744000015222830/JOB9231/ai-research-intern/?source=linkedin&utm_source=careerwatch.apexearlycareers.com&utm_medium=newsletter&utm_campaign=30-paid-summer-2025-internships&_bhlid=ffc52550d660514b5a17fc7d428dcc23daa96f5e,,X,10/3/24,
Comcast,AI-Driven Software Development Intern,Various,https://jobs.comcast.com/job/-/-/45483/70239974992?source=linkedin_spons_job_at&utm_source=careerwatch.apexearlycareers.com&utm_medium=newsletter&utm_campaign=30-paid-summer-2025-internships&_bhlid=448113581730802ad08d65aef0480f9e26abcf67,,X,10/3/24,
Tanium,Cloud Cybersecurity Intern,Security,https://www.tanium.com/careers/6251494?gh_jid=6251494&gh_src=f0ee6cde1us&utm_source=careerwatch.apexearlycareers.com&utm_medium=newsletter&utm_campaign=30-paid-summer-2025-internships&_bhlid=9b2d70e47803fcbc0b6c8357bac19da3ce76dadd,,X,10/3/24,
Grant Thornton,Cybersecurity and Privacy Intern - Summer 2025,Security,https://ehzq.fa.us2.oraclecloud.com/hcmUI/CandidateExperience/en/sites/CX_1/job/111177?src=SNS-10068&utm_medium=jobshare&_bhlid=f22d61d5f1f693a5da4da33986fe6758e491b4b3,,X,10/3/24,
Cambridge,Business Development Business Analyst Intern,BI/Analytics,https://careers.joincambridge.com/jobs/2614?mode=apply&iis=LinkedIn&utm_source=careerwatch.apexearlycareers.com&utm_medium=newsletter&utm_campaign=30-paid-summer-2025-internships&_bhlid=0482bd705a0ad9c66aac7682dd06792cbcf7dde7,,X,10/3/24,
Ibotta,Business Development Intern,BI/Analytics,https://jobs.ibotta.com/jobs/internships/denver_job_posting/business-development-intern/R-101565?amp&utm_campaign=ongig-job-aggregators&utm_medium=referral&source=LinkedIn&utm_source=linkedin&group=2064&_bhlid=dae723f2deb325b3b092e1935bef5beedd9dd7b7,,X,10/3/24,
Aircall,Data Science Manager,Data,https://jobs.lever.co/aircall/42251d8c-3827-4801-abaa-fb958445c0b9/apply?lever-source=skillsire,X,,10/3/24,
CoreWeave,"Data Analyst, Capacity Team",Data,https://boards.greenhouse.io/coreweave/jobs/4406405006?utm_source=skillsire&utm_medium=skillsire&utm_campaign=skillsire&source=skillsire&ref=skillsire,X,,10/3/24,
CommScope,Senior Cyber Security Engineer,Security,https://career4.successfactors.com/career?career_ns=job_listing&company=CommScope&career_job_req_id=77555&utm_source=appcast&utm_campaign=SRM_SP,X,,10/3/24,
Thumbtack,"Manager, Product Data Science",Product,https://boards.greenhouse.io/thumbtack/jobs/6293764?utm_source=skillsire&utm_medium=skillsire&utm_campaign=skillsire&source=skillsire&ref=skillsire,X,,10/3/24,
ParetoHealth,Data Analyst - Health Insurance,Data,https://job-boards.greenhouse.io/paretocaptiveservicesllc/jobs/4406141006?utm_source=skillsire&utm_medium=skillsire&utm_campaign=skillsire&source=skillsire&ref=skillsire,X,,10/3/24,
Tackle.io,Data Engineer (Mid-level),Data,https://jobs.lever.co/tackle/1d2b5d26-9c8c-4a02-8288-4929cfe2f339/apply?lever-source=skillsire,X,,10/3/24,
Coinbase,Data Engineer,Data,https://www.coinbase.com/careers/positions/6257454?gh_jid=6257454&utm_source=skillsire&utm_medium=skillsire&utm_campaign=skillsire&source=skillsire&ref=skillsire,X,,10/3/24,
Smartsheet,Sr. Data Engineer,Data,https://job-boards.greenhouse.io/smartsheet/jobs/6151202?utm_source=skillsire&utm_medium=skillsire&utm_campaign=skillsire&source=skillsire&ref=skillsire,X,,10/3/24,
Datalab USA,Data Scientist,Data,https://jobs.lever.co/datalabusa/5a7bfe97-f82b-4f7e-b420-d62ca3af04b5/apply?lever-source=skillsire,X,,10/3/24,
Spotify,Data Scientist - Financial Data & Insights,Data,https://jobs.lever.co/spotify/2dc265c4-81e2-4d32-b42d-4e8c605b1515/apply?lever-source=skillsire,X,,10/3/24,
Meta,"Software Engineer, Intern/Co-op",Software,https://www.metacareers.com/v2/jobs/1647923135778238/,,X,10/4/24,
Meta,Meta University - Engineering - Summer 2025,Various,https://www.metacareers.com/v2/jobs/995447835688062/,,X,10/4/24,
Pinterest,Software Engineering Intern 2025,Software,https://lnkd.in/eBsnYE9Z,,X,10/10/24,
Intuit,Software Engineering Intern,Software,https://jobs.intuit.com/job/-/-/27595/70124805024?cid=pjob_li_click_us_swe-other-fy25_cn_text_job_int-tm&iis=pjob&iisn=li&p_sid=9LlaBCb&p_uid=tyVpQb0LKb&ss=paid&utm_campaign=&utm_content=pj_board&utm_medium=jobad,,X,10/10/24,
Wayfair,Data Scientist Intern-Summer 2025,Data,https://simplify.jobs/p/f47e6eb9-adeb-456e-9d66-91d0534d4580/Data-Scientist-Intern-Summer-2025,,X,10/10/24,
Duolingo,Data Scientist Intern ,Data,https://simplify.jobs/p/2884a800-0120-4af8-a039-6c17317534c4/Data-Scientist--Intern,,X,10/10/24,
Humane,Software Engineering Intern,Software,https://simplify.jobs/p/8dce53af-b258-4d47-bc30-5e6de388c758/Software-Engineering-Intern,,X,10/10/24,
Motorola,Software Engineering Intern,Software,https://simplify.jobs/p/545fc5f4-0bac-40a0-bc29-fa8243933b22/Software-Engineer-Intern,,X,10/10/24,
F5,Software Engineering Intern,Software,https://simplify.jobs/p/21f6d894-76a9-426f-b6d7-3f3b28ec3c4d/Software-Engineer-Intern,,X,10/10/24,
Fetch,Frontend Software Engineering Internship,Software,https://simplify.jobs/p/5a764ad7-35b5-4ae1-9167-ee590dd9eacc/Frontend-Software-Engineering-Internship,,X,10/10/24,
Patreon,"Software Engineering Intern",Software,https://simplify.jobs/p/2834e3af-155e-4c50-8a9d-72aaec4b9af5/Software-Engineering-Intern,,X,10/10/24,
Cloudflare,Full Stack Engineer,Software,https://job-boards.greenhouse.io/cloudflare/jobs/6038932?gh_jid=6038932,X,,10/10/24,
Google,Information Security Engineer II,Security,https://www.google.com/about/careers/applications/jobs/results/104516639394800326-information-security-engineer-ii,X,,10/10/24,
EdgeCo Holdings,Sr. Information Security Analyst,Security,"https://www.indeed.com/q-cyber-security-l-pittsburgh,-pa-jobs.html?vjk=6786411b2109690b",X,,10/10/24,
Amazon,Machine Learning Engineer 2,Machine Learning,https://www.amazon.jobs/en/jobs/2710724/machine-learning-engineer-2-amazon,X,,10/10/24,
Microsoft,Senior Software Engineer - AI,Machine Learning,https://jobs.careers.microsoft.com/global/en/job/1754955/Senior-Software-Engineer---AI,X,,10/10/24,
Microsoft,Senior Security Researcher,Security,https://jobs.careers.microsoft.com/global/en/job/1764887/Senior-Security-Researcher,X,,10/10/24,
Apple,"AIML - Data Scientist, Data and ML Innovation",BI/Analytics,https://jobs.apple.com/en-us/details/200571882/aiml-data-scientist-data-and-ml-innovation?team=MLAI,X,,10/10/24,
Apple,"Security Software Engineer/Developer, Systems Security",Security,https://jobs.apple.com/en-us/details/200568937/security-software-engineer-developer-systems-security?team=SFTWR,X,,10/10/24,
Paloalto,"Manager, Strategy & Transformation",Consulting,https://jobs.paloaltonetworks.com/en/job/santa-clara/manager-strategy-and-transformation/47263/70490275136,X,,10/10/24,
Paloalto,"Solutions Consultant ( Enterprise - NY/NJ )",Consulting,https://jobs.paloaltonetworks.com/en/job/new-york/solutions-consultant-enterprise-ny-nj/47263/70490287760,X,,10/10/24,
Shipbob,Database Engineer III,Data,https://www.shipbob.com/careers/jobs/,X,,10/14/24,
Shipbob,Principal Data Engineer,Data,https://www.shipbob.com/careers/jobs/,X,,10/14/24,
Goldman Sachs,Various Analyst Internships,Consulting,https://higher.gs.com/campus?LOCATION=Albany|New%20York|Atlanta|Boston|Chicago|Dallas|Houston|Detroit|Los%20Angeles|Newport%20Beach|San%20Francisco|Miami|West%20Palm%20Beach|Parsippany|Philadelphia|Pittsburgh|Salt%20Lake%20City|Seattle|Washington|Wilmington&page=1&sort=RELEVANCE,,X,10/14/24,
Verizon,Various Data Science Openings,Data,https://mycareer.verizon.com/jobs/?search=data&location=,X,,10/14/24,
Verizon,Cyber Security Summer Internship,Security,https://mycareer.verizon.com/jobs/r-1052539/cyber-security-summer-internship-2025/,,X,10/14/24,
Verizon,Data & Analytics Product Manager,Product,https://mycareer.verizon.com/jobs/r-1052366/data-analytics-governance-product-manager/,X,,10/14/24,
Battelle,Engineering Modeler-Programmer Intern,Software,https://cmu.joinhandshake.com/edu/jobs/9257448,,X,10/14/24,10/18/2024
Lumen,Technical Program Manager Intern,Program Management,https://cmu.joinhandshake.com/edu/jobs/9369565,,X,10/14/24,10/18/2024
Defense Finance and Accounting Service,IT Cybersecurity Specialist,Security,https://cmu.joinhandshake.com/edu/jobs/9360404,X,,10/14/24,10/18/2024
Fairfax County Government,Program Manager for Network and System Engineering,Program Management,https://cmu.joinhandshake.com/edu/jobs/9372978,X,,10/14/24,10/18/2024
Steptoe & Johnson PLLC,Data Systems Manager,Data,https://indeed.com/cmp/Steptoe-&-Johnson-Pllc/jobs,X,,10/24/2024,
The Bank of New York Mellon Corporation,Risk & Compliance Data Quality Monitoring Lead,Data,https://www.indeed.com/cmp/Bny-5/jobs?jk=536e0d7f11fd5b4b&q=risk%20and%20compliance&l=Pittsburgh%2C%20PA&start=0,X,,10/24/2024,
Intradiem,Software Engineer Intern,Software,https://simplify.jobs/p/fca66a6f-4570-45f6-8415-cd89f97dfafd/Software-Engineer-Intern,,X,10/24/2024,
Amazon,2025 Business Intelligence Engineer Internship,BI/Analytics,https://simplify.jobs/p/6115baff-e2c4-454b-8106-fd5f11f03242/2025-Business-Intelligence-Engineer-Internship,,X,10/24/2024,
PayPal,Dev Ops Software Engineer Intern,Software,https://simplify.jobs/p/1acf2639-0738-4336-a218-74fbf9755b2a/Dev-Ops-Software-Engineer-Intern,,X,10/24/2024,
PayPal,Machine Learning Intern,Machine Learning,https://simplify.jobs/p/dcb3a28a-4bb9-4601-b2d0-d6d0186ef388/Machine-Learning-Intern,,X,10/24/2024,
Stryker,Summer 2025 Intern,Product,https://simplify.jobs/p/ededec3b-5724-4025-ab07-d3c59935be23/Summer-2025-Intern,,X,10/24/2024,
Reliable Robotics,Displays Software Engineer – Summer 2025 Internship,Software,https://simplify.jobs/p/042633a6-f967-4702-8c59-d7ccbd542658/Displays-Software-Engineer--Summer-2025-Internship,,X,10/24/2024,
Zoox,Data Scientist Internship/Co-op,Data,https://simplify.jobs/p/1d5ff256-b73e-49b6-86e4-85a885a617f7/Data-Scientist-InternshipCo-op,,X,10/24/2024,
Rivian,UIUC Research Park Intern,Machine Learning,https://simplify.jobs/p/6ba77184-816b-42a3-8ad1-534053499e03/UIUC-Research-Park-Intern,,X,10/24/2024,
TrueML,Compliance and Data Analyst II,Data,https://jobs.lever.co/trueml/1f5a8a3a-8e6a-4a4f-8a30-b4d22dc12de2/apply?lever-source=skillsire,X,,10/24/2024,
MBTA,Data Engineer,Data,https://jobs.lever.co/mbta/c2c385f8-97d5-4fad-8cf3-cc94701cd9c3/apply?lever-source=skillsire,X,,10/24/2024,
Bluesight,Manager of Data Science & Analytics,Data,https://jobs.lever.co/kitcheck/02066e3c-61ef-4bfd-aad4-4e40524a98d5/apply?lever-source=skillsire,X,,10/24/2024,
Penn Interactive,"Data Analyst, Enterprise",Data,https://job-boards.greenhouse.io/penninteractive/jobs/5346642004?utm_source=skillsire&utm_medium=skillsire&utm_campaign=skillsire&source=skillsire&ref=skillsire,X,,10/24/2024,
Databento,Backend Engineer,Software,https://boards.greenhouse.io/databento/jobs/6325177?utm_source=skillsire&utm_medium=skillsire&utm_campaign=skillsire&source=skillsire&ref=skillsire,X,,10/24/2024,
Alloy,"Senior Software Engineer, Machine Learning",Machine Learning,https://www.skillsire.com/job/job-details/c52b35476199c9ae9052b26f94bc1aaf,X,,10/24/2024,
Typeface,Backend Engineer,Software,https://boards.greenhouse.io/typeface/jobs/4043130007?utm_source=skillsire&utm_medium=skillsire&utm_campaign=skillsire&source=skillsire&ref=skillsire,X,,10/24/2024,
 Fuel iX,"Product Manager, Fuel iX",Product,https://boards.greenhouse.io/willowtree/jobs/7500164002?utm_source=skillsire&utm_medium=skillsire&utm_campaign=skillsire&source=skillsire&ref=skillsire,X,,10/24/2024,
Tatari,Senior Product Manager,Product,https://www.skillsire.com/job/job-details/d1c826c689cac3bb6d87e0ca9cd314e9,X,,10/24/2024,
Tiger Analytics,Product Manager (Onsite - Houston),Product,https://apply.workable.com/tiger-analytics/j/0E76935AA8/apply/?utm_source=skillsire&utm_medium=skillsire&utm_campaign=skillsire&source=skillsire&ref=skillsire,X,,10/24/2024,
IBM,AI Platform Software Developer Intern,Machine Learning,https://cmu.joinhandshake.com/stu/jobs/9422783?ref=open-in-new-tab&search_id=c5787288-9025-4517-ac0b-4607642b1e14,,X,10/30/24,11/05/2024
Hexagon's Asset Lifecycle Intelligence division,Software Quality Assurance Intern,Software,https://cmu.joinhandshake.com/stu/jobs/9422218?ref=open-in-new-tab&search_id=bdb1e10d-7202-4cc0-beb6-8861638f4759,,X,10/30/24,04/30/2025
Baker Hughes Company,Engineering & Technology - Summer Internship,Software,https://cmu.joinhandshake.com/stu/jobs/9421314?ref=open-in-new-tab&search_id=55dea78a-8942-4614-9a03-152ada8a9f76,,X,10/30/24,04/01/2025
Hitachi,Intern - Project Management,Product,https://careers.hitachi.com/jobs/14988964-intern-project-management?utm_campaign=google_jobs_apply&utm_source=google_jobs_apply&utm_medium=organic,,X,10/30/24,
Tenet Healthcare,IT Service Management Intern,Program Management,https://www.linkedin.com/jobs/view/4063152074,,X,10/30/24,
Passes,Internships in multiple fields,Program Management,https://www.linkedin.com/jobs/view/4062024247,,X,10/30/24,
Elevance Health,IT Audit Internship,Security,https://www.linkedin.com/jobs/view/4061848186,,X,10/30/24,
"BerryDunn — Assurance, Tax and Consulting","Consulting Internship, Management & Information Technology",Consulting,https://www.linkedin.com/jobs/view/4061871760,,X,10/30/24,
AGCO Corporation,DevOps Intern,Security,https://www.linkedin.com/jobs/view/4062184126,,X,10/30/24,
VSP Vision Care,Business Intelligence Analyst,BI/Analytics,https://www.linkedin.com/jobs/view/4062006872,,X,10/30/24,
Hexagon's Asset Lifecycle Intelligence division,Business Analyst Intern,BI/Analytics,https://cmu.joinhandshake.com/stu/jobs/9421234?ref=open-in-new-tab&search_id=e096b2b9-4584-400c-9ac5-33199425c7ed,,X,10/30/24,04/29/2025
PCS Global Tech,Data Analyst,Data,https://www.linkedin.com/jobs/view/4063863788,,X,10/30/24,
Motorola Solutions,Tableau Data Scientist Intern,Data,https://www.linkedin.com/jobs/view/4062761458,,X,10/30/24,
BNY Mellon,2025 BNY Analyst Program-Engineering (Data Science),Data,https://www.linkedin.com/jobs/view/4061484057,,X,10/30/24,
Highmark Health,"Cyber Governance, Risk and Controls - Graduate Intern",Security,https://www.linkedin.com/jobs/view/4062754163,,X,10/30/24,
United Wholesale Mortgage,Risk Management Summer Internship Program,Security,https://www.linkedin.com/jobs/view/4059243712,,X,10/30/24,
Broadridge,Compliance Analyst,Security,https://cmu.joinhandshake.com/stu/jobs/9392112?ref=open-in-new-tab&search_id=e008b657-3eb3-491c-87ca-e7f1b8657f77,X,,10/30/24,04/17/2025
"Wi-Tronix, LLC",Developer III,Software,https://cmu.joinhandshake.com/stu/jobs/9422131?ref=open-in-new-tab&search_id=eb074de6-c4f7-4b1f-9d7e-8a14158d378a,X,,10/30/24,11/20/24
ATI (Adaptive Technology Insights),Software Engineer,Software,https://cmu.joinhandshake.com/stu/jobs/9421302?ref=open-in-new-tab&search_id=eb074de6-c4f7-4b1f-9d7e-8a14158d378a,X,,10/30/24,11/20/24
Billhighway,Associate Software Developer,Software,https://cmu.joinhandshake.com/stu/jobs/9420876?ref=open-in-new-tab&search_id=eb074de6-c4f7-4b1f-9d7e-8a14158d378a,X,,10/30/24,04/30/2025
Prelude,Compliance Associate,Security,https://cmu.joinhandshake.com/stu/jobs/9420259?ref=open-in-new-tab&search_id=eb074de6-c4f7-4b1f-9d7e-8a14158d378a,X,,10/30/24,04/29/2025
Blue Cloak,Cyber Operations Engineer,Security,https://cmu.joinhandshake.com/stu/jobs/9419317?ref=open-in-new-tab&search_id=eb074de6-c4f7-4b1f-9d7e-8a14158d378a,X,,10/30/24,04/29/2025
"
Contexture","Manager, Business Application Management",Product,https://cmu.joinhandshake.com/stu/jobs/9424012?ref=open-in-new-tab&search_id=8b565381-d215-4661-a152-b17681d4dfbc,X,,10/30/24,04/30/2025
C-Vision Inc.,Data Analyst,BI/Analytics,https://www.linkedin.com/jobs/view/4064056801,X,,10/30/24,
Screencastify,Product Manager,Product,https://www.linkedin.com/jobs/view/4064313391,X,,10/30/24,
Capital One,Product Manager-Senior Associate,Product,https://www.linkedin.com/jobs/view/4062640178,X,,10/30/24,
TestingXperts,ML Engineer with GCP,Machine Learning,https://www.linkedin.com/jobs/view/4064060141,X,,10/30/24,
xAI,AI Engineer & Researcher - GPU Kernel,Machine Learning,https://www.linkedin.com/jobs/view/4064013291,X,,10/30/24,
Recorded Future,"Senior Threat Intelligence Analyst, Team Lead (Cybercrime)",Security,https://www.linkedin.com/jobs/view/4062744327,X,,10/30/24,
Enpro Inc.,Cloud DevOps Engineer,Software,https://www.linkedin.com/jobs/view/4064313833,X,,10/30/24,
Provident IT Partners,Technical Consultant,Consulting,https://www.linkedin.com/jobs/view/4062760831,X,,10/30/24,
Westinghouse,Manager New Product Development,Product,https://jobs.localjobnetwork.com/job/detail/81439140/Mgr-New-Product-Development?frame=1&aid=2165147&csid=51274,X,,11/6/24,
Internal Revenue Service (IRS),Management & Program Analyst,Program Management,https://www.usajobs.gov/job/813909700,X,,11/6/24,01/13/2025
Internal Revenue Service (IRS),Operations Research Analyst,Data,https://www.usajobs.gov/job/814301100,X,,11/6/24,01/16/2025
Lenox Park Solutions,Product Manager,Product,https://wellfound.com/jobs/3120479-product-manager,X,,11/6/24,
Tremendous,Senior Data Analyst,Data,https://wellfound.com/jobs/3021608-senior-data-analyst,X,,11/6/24,
Stripe,"Product Manager, Risk Operations",Security,https://wellfound.com/jobs/3138604-product-manager-risk-operations,X,,11/6/24,
Enkompas,Product Security Engineer - Lead,Security,https://www.careerjet.com/jobad/us00bee0254a754502de8d6f669e15d82a,X,,11/6/24,
Thermo Fisher Scientific,Product Management Specialist III,Product,https://www.careerjet.com/jobad/usa5626cc846cd024b36f4d0fdb35f08ba,X,,11/6/24,
PNC Financial Services,Software Engineer Senior,Software,https://www.careerjet.com/jobad/us5af7aa4f1898cbf50baff606a87307ae,X,,11/6/24,
Proofpoint,Software Engineer,Software,https://www.careerjet.com/jobad/us2f3f655ed64f0eb5701c8026914680f1,X,,11/6/24,
Wipro,ML Ops Test Engineer,Machine Learning,https://www.careerjet.com/jobad/usec07f3ab028a1628ff96b9cb287b2b1d,X,,11/6/24,
CGI,MLOps Quality Engineer,Machine Learning,https://www.careerjet.com/jobad/usbeec72732ffcdd115d5019668e40d8dc,X,,11/6/24,
Third Bridge,"Associate, Consulting Clients",Consulting,https://www.careerjet.com/jobad/usa4b1d5f516b3b14baea4b729cce0326e,X,,11/6/24,
Presidio,Consulting Solutions Architect,Consulting,https://www.careerjet.com/jobad/us0784b1c30483717f19eedbfe91be480e,X,,11/6/24,
Raytheon Technologies,Cybersecurity Risk and Compliance Analyst,Security,https://www.careerjet.com/jobad/usf2a56023b644aba52f410e3c6869e40b,X,,11/6/24,
Aspirant (Wavestone),Consulting (Internship),Consulting,https://www.careerjet.com/jobad/us1ed222f522cba9f658340f36af85179f,,X,11/6/24,
Paramount,Product Management,Product,https://www.careerjet.com/jobad/us6739c4138b23dc6d178c98aa6d5b3d9b,,X,11/6/24,
Honeywell,Product Management Co-op,Product,https://www.careerjet.com/jobad/us45fc3c7920bab6d73c35beab071d8df4,,X,11/6/24,
Protiviti,Internal Audit and Financial Advisory Intern,Software,https://www.careerjet.com/jobad/us97b90983ecff03737e5a7a534a145f12,,X,11/6/24,
Aurora Innovation,Software Engineering Internship - Perception,Software,https://www.careerjet.com/jobad/us058ccc1e19fc5c54bf1c8bd28249b2d3,,X,11/6/24,
Aerotech,Analytics Internship,BI/Analytics,https://www.careerjet.com/jobad/usee62e7fd19644d72ba19457fc71dc13b,,X,11/6/24,
BAE Systems,Technical Intern 3,Data,https://www.careerjet.com/jobad/useec0b751b65ffdd4eedb08f36185fb5a,,X,11/6/24,
United Nations,Risk Management Intern,Security,https://www.careerjet.com/jobad/us36a23a196f5af4a1e2f0975a943c2351,,X,11/6/24,
Thomson Reuters,Data Science Intern,Data,https://www.careerjet.com/jobad/usd1bbf1e7f834edebb4bdbbcea3ada344,,X,11/6/24,
Arconic,IT Intern,Software,https://hdnn.fa.us6.oraclecloud.com/hcmUI/CandidateExperience/en/sites/CX/job/112200/?utm_medium=jobshare,,X,11/6/24,
Arconic,Cyber Security Intern,Security,https://hdnn.fa.us6.oraclecloud.com/hcmUI/CandidateExperience/en/sites/CX/job/112211/?utm_medium=jobshare,,X,11/6/24,
Cleveland Brothers,Business Technology Analyst,BI/Analytics,https://myjobs.adp.com/cbroextcx/cx/job-details?reqId=5001075099906?keyword=intern,,X,11/6/24,
Cleveland Brothers,Data Engineer,Data,https://myjobs.adp.com/cbroextcx/cx/job-details?reqId=5001075106906?keyword=intern,,X,11/6/24,
Howmet Aerospace,Cyber Security (CMMC) Intern,Security,https://fa-exty-saasfaprod1.fa.ocs.oraclecloud.com/hcmUI/CandidateExperience/en/sites/CX_1/job/110324/?utm_medium=jobshare,,X,11/6/24,
Howmet Aerospace,Multiple Internships,Various,https://fa-exty-saasfaprod1.fa.ocs.oraclecloud.com/hcmUI/CandidateExperience/en/sites/CX_1/requisitions?keyword=intern&mode=location,,X,11/6/24,
Bain & Company,Summer Associate,BI/Analytics,https://www.bain.com/careers/find-a-role/position/?jobid=10461#,,X,11/12/24,11/17/2024
"Mortgage Connect, LP",Project Manager,Program Management,https://www.linkedin.com/jobs/view/4069750131,X,,11/13/24,
PNC Bank,"
Software Engineering Manager- Workday Integration",Software,https://careers.pnc.com/global/en/job/R171662/Software-Engineering-Manager-Workday-Integration?utm_campaign=google_jobs_apply&utm_source=google_jobs_apply&utm_medium=organic,X,,11/13/24,
Motion Recruitment,Fullstack Software Developer / Java,Software,https://motionrecruitment.com/tech-jobs/pittsburgh/direct-hire/fullstack-software-developer-java/750741?utm_campaign=google_jobs_apply&utm_source=google_jobs_apply&utm_medium=organic,X,,11/13/24,
jerry.ai,GenAI Prompt Engineer (Chatbot/Voicebot),Machine Learning,https://jobs.ashbyhq.com/Jerry/571c155a-ddcb-431b-b00d-fef307bfcf81,X,,11/13/24,
United Airlines,Analyst - Data Protection & Privacy,Security,https://careers.united.com/us/en/job/WHQ00024405/Analyst-Data-Protection-Privacy?utm_campaign=google_jobs_apply&utm_source=google_jobs_apply&utm_medium=organic,X,,11/13/24,
Virtual Vocations,Data Analyst II,Data,https://www.virtualvocations.com/job/data-analyst-ii-2391674-i.html?utm_campaign=2024-11-13&utm_medium=chicago-illinois&utm_source=talent&clickid=8d7c598f246&ucid=8d7c598f246,X,,11/13/24,
LaSelle Network,SOX Compliance and Internal Controls Consultant,Security,https://www.thelasallenetwork.com/jobs/sox-compliance-and-internal-controls-consultant-134961/?utm_campaign=google_jobs_apply&utm_source=google_jobs_apply&utm_medium=organic,X,,11/13/24,
WireMasters,"Product Manager, Interconnect",Product,https://secure4.saashr.com/ta/6158413.careers?CareersSearch=&lang=EN,X,,11/13/24,
WireMasters,Security Analyst,Security,https://secure4.saashr.com/ta/6158413.careers?CareersSearch=&lang=EN,X,,11/13/24,
WireMasters,Data Analyst,Data,https://secure4.saashr.com/ta/6158413.careers?CareersSearch=&lang=EN,X,,11/13/24,
Qualtrics,Senior Product Manager - Security,Security,https://www.qualtrics.com/careers/us/en/job/6288022/Senior-Product-Manager-Security?utm_campaign=google_jobs_apply&utm_source=google_jobs_apply&utm_medium=organic,X,,11/13/24,
T-Mobile,Business Analysis Manager,BI/Analytics,https://careers.t-mobile.com/business-analysis-manager/job/CC708F91773530C501E173DFB259946D,X,,11/13/24,
TekSystems,Project Manager (Telecommunications),Telecommunications,https://careers.teksystems.com/us/en/job/JP-004870719/Project-Manager-Telecommunications?utm_campaign=google_jobs_apply&utm_source=google_jobs_apply&utm_medium=organic,X,,11/13/24,
Simplify3D,C++ Software Engineer - 3D Printing Graphics and Visualization,Software,https://www.simplify3d.com/careers/positions/?bzid=c4e6a663394a,X,,11/13/24,
Dell,Software Engineer,Software,https://jobs.dell.com/en/job/seattle/software-engineer/375/72822878960,X,,11/13/24,
Radian,2025 Software Engineering GenAI Summer Intern,Machine Learning,https://compass.wd5.myworkdayjobs.com/en-US/Radian_External_Career_Site/job/XMLNAME-2025-Software-Engineering-GenAI-Summer-Intern---100--Remote-in-US-only-_R20240260?utm_campaign=google_jobs_apply&utm_source=google_jobs_apply&utm_medium=organic,,X,11/13/24,
DriveTime,Software Engineering Intern,Software,https://jobs.drivetime.com/software-engineering-intern-summer-2025/job/28566023?utm_campaign=google_jobs_apply&utm_source=google_jobs_apply&utm_medium=organic,,X,11/13/24,
Carrier,Software Engineering Intern,Software,https://jobs.carrier.com/en/job/indianapolis/software-engineering-intern-summer/29289/72845633536?utm_campaign=google_jobs_apply&utm_source=google_jobs_apply&utm_medium=organic,,X,11/13/24,
RTX,Software Engineering Intern,Software,https://careers.rtx.com/global/en/job/01715338/Software-Engineering-Co-op-Summer-Fall-2025-Onsite?utm_campaign=google_jobs_apply&utm_source=google_jobs_apply&utm_medium=organic,,X,11/13/24,
LED Fast Start,TSS Data & Analytics Associate (Intern),BI/Analytics,https://opportunities.ledfaststart.com/global/en/job/RQ185672/TSS-Data-Analytics-Associate-Intern?utm_campaign=google_jobs_apply&utm_source=google_jobs_apply&utm_medium=organic,,X,11/13/24,
Qorvo,Project Management Intern,Program Management,https://careers.qorvo.com/job/Project-Manager-Intern-NC/1215058400/,,X,11/13/24,
State Street,Audit Data Analyst Intern,Data,https://careers.statestreet.com/global/en/job/STSTGLOBALR757843EXTERNALENGLOBAL/Audit-Data-Analyst-Intern?utm_campaign=google_jobs_apply&utm_source=google_jobs_apply&utm_medium=organic,,X,11/13/24,
Plante Moran,Business Analytics Consultant - Intern,Consulting,https://plantemoran.avature.net/campuscareers/JobDetail/25-Business-Analytics-Consultant-Intern/6996,,X,11/13/24,
Plante Moran,Business Analytics Consultant – Entry Level,Consulting,https://plantemoran.avature.net/campuscareers/JobDetail/25-Business-Analytics-Consultant-Entry-Level/7069,X,,11/13/24,
Plante Moran,Cybersecurity Consultant - Entry Level,Security,https://plantemoran.avature.net/campuscareers/JobDetail/25-Cybersecurity-Consultant-Entry-Level/7021,X,,11/13/24,
Oshkosh,Product Management Intern,Product,https://careers.oshkoshcorp.com/us/en/job/R32058/Product-Management-Intern-Summer-2025?utm_campaign=google_jobs_apply&utm_source=google_jobs_apply&utm_medium=organic,,X,11/13/24,
Abbott,Cybersecurity Summer Intern,Security,https://www.jobs.abbott/us/en/job/31100478/2025-Cybersecurity-Summer-Intern?utm_campaign=google_jobs_apply&utm_source=google_jobs_apply&utm_medium=organic,,X,11/13/24,
Keurig Dr Pepper (KDP),Summer 2025 Intern – IT Security,Security,https://careers.keurigdrpepper.com/en/job/frisco/summer-2025-intern-it-security/42849/69362055792?utm_campaign=google_jobs_apply&utm_source=google_jobs_apply&utm_medium=organic,,X,11/13/24,
CoreLogic,Multiple Internships,Various,https://corelogic.wd5.myworkdayjobs.com/en-US/ACQ/job/CoreLogic-Summer-Intern_REQ15924,,X,11/13/24,
FIS,"Intern, IT Audit",Security,https://careers.fisglobal.com/us/en/job/FIGLUSJR0285494EXTERNAL/Intern-IT-Audit-Summer-FIS-University-Program-2025?utm_campaign=google_jobs_apply&utm_source=google_jobs_apply&utm_medium=organic,,X,11/13/24,
Highmark Health,ETDP Associate - Software Engineering,Software,https://careers.highmarkhealth.org/explore-jobs/job/j249112-etdp-associate-software-engineering/,X,,11/20/24,
Innovations for Poverty Action,Data Scientist,Data,https://poverty-action.org/data-scientist-0,X,,11/20/24,
EY,Tech Consulting - Cybersecurity - SIEM/SOAR Engineering,Security,https://ey.jobs/baltimore-md/tech-consulting-cybersecurity-siemsoar-engineering-senior/CE92CBFEBB2A425FA78AE34FA64C5B4F/job/,X,,11/20/24,
Ascension,Solution Architect,Program Management,https://jobs.ascension.org/us/en/job/1192649/Solution-Architect,X,,11/20/24,
Ascension,Cloud Security IAM Manager,Security,https://jobs.ascension.org/us/en/job/1185259/Cloud-Security-IAM-Manager,X,,11/20/24,
Ascension,Associate Consultant,Consulting,https://jobs.ascension.org/us/en/job/1152364/Associate-Consultant?utm_source=icims&utm_medium=email&utm_campaign=USASC_University&utm_content=si_2025&iisn=Icims&iis=Email&iisc=USASC_University&iisp=Si_2025,X,,11/20/24,
Ansys,Lead Project Manager- GTM Strategy and Transformation,Program Management,https://careers.ansys.com/job/Canonsburg-Lead-Project-Manager-GTM-Strategy-and-Transformation-%28U_S_-REMOTE%29-PA-15317/1228463100/,X,,11/20/24,
Ansys,Senior Application Engineer,Software,https://careers.ansys.com/job/Canonsburg-Senior-Application-Engineer-PA-15317/1232487500/,X,,11/20/24,
Ansys,Security Architecture Engineer,Security,https://careers.ansys.com/job/Athens-Security-Architecture-Engineer-RemoteHybrid-Athe-11636/1205658000/,X,,11/20/24,
Highmark Health,Product Strategy Consultant,Product,https://careers.highmarkhealth.org/explore-jobs/job/j252308-product-strategy-consultant/?source=INDEED,X,,11/20/24,
Booz Allen,Artificial Intelligence Technical Program Manager,Machine Learning,https://careers.boozallen.com/careers/JobDetail?jobId=102270&source=JB-14400,X,,11/20/24,
Hyatt,"ITSM Analyst, Problem Management",BI/Analytics,https://careers.hyatt.com/en-US/careers/jobdetails/10780/CHI014233?src=JB-14400,X,,11/20/24,
Conagra,Senior Technical Business Analyst,BI/Analytics,https://careers.conagrabrands.com/us/en/job/CXGCONUSREQ030168EXTERNALENUS/Senior-Technical-Business-Analyst?utm_medium=phenom-feeds&utm_source=Indeed&_ccid=1727406522959ne31jrfd3&ittk=CJFZZZYEVF,X,,11/20/24,
Hyatt,Technical Program Manager  ,Program Management,https://careers.hyatt.com/en-US/careers/jobdetails/10780/CHI014262?src=JB-14400,X,,11/20/24,
Piston Automotive,IT Business Analyst - MES,BI/Analytics,https://careers-pistongroup.icims.com/jobs/1937/job?utm_source=indeed_integration&iis=Job+Board&iisn=Indeed&indeed-apply-token=73a2d2b2a8d6d5c0a62696875eaebd669103652d3f0c2cd5445d3e66b1592b0f&mobile=false&width=1118&height=500&bga=true&needsRedirect=false&jan1offset=-300&jun1offset=-240,X,,11/20/24,
Conagra,Business Services Internship,Program Management,https://careers.conagrabrands.com/us/en/job/Req-029991/Business-Services-Internship-Summer-2025,,X,11/20/24,
Zebra Technologies,Software DevOps Engineer Intern,Software,https://careers.zebra.com/careers/job/343623313078?domain=zebra.com&src=srm_indeed_org,,X,11/20/24,
Zebra Technologies,Network and Security Engineer,Security,https://careers.zebra.com/careers/job/343622667823,,X,11/20/24,
Intellibee,Business Analyst II,BI/Analytics,https://intellibee.my.salesforce-sites.com/apps/jobs?id=a0AUU0000020PGb2AM,X,,11/20/24,
Werfen,Data Scientist Intern,Data,https://www.werfen.com/en/data-scientist-intern,,X,11/20/24,
Tanium,Multiple Summer Internships,Various,https://www.tanium.com/careers/internship/internships/#jobs,,X,11/20/24,
Zoox,Multiple Summer Internships,Various,https://zoox.com/careers?departments=Zoox-Internships,,X,11/20/24,
Zoox,Technical Program Manager - Data Science,Data,https://zoox.com/careers/437fc5f9-b60f-40bc-8031-5edf26f7bf6f,X,,11/20/24,
Barclays,Technical Solutions Architect,Program Management,https://search.jobs.barclays/job/whippany/technical-solutions-architect/13015/73197526144,X,,11/20/24,
Barclays,Technology Analyst Summer Internship Program,BI/Analytics,https://search.jobs.barclays/job/whippany/technology-analyst-summer-internship-program-2025-whippany/13015/69918633232#anchor-description,,X,11/20/24,
Dormakaba,Embedded Software Engineer Intern,Software,https://jobs.dormakaba.com/job/Indianapolis-Embedded-Software-Engineer-Intern-IN-46250/1140070601/,,X,11/20/24,
Northrop Grumman,2025 Associate Systems Security Engineer,Security,https://www.northropgrumman.com/jobs/engineering/systemsarchitecturetest/united-states-of-america/utah/roy/r10177818/2025-associate-systems-security-engineer-roy-ut?code=JB-17946&rx_a=0&rx_ch=jobp4p&rx_group=288254&rx_job=R10177818&rx_medium=cpc&rx_r=none&rx_source=indeed&rx_ts=20241120T200402Z&rx_vp=cpc&source=JB-17946&utm_audience=prospectivetalentemployees&utm_campaign=ta-general&utm_content=jobfeed&utm_format=cpl&utm_medium=jobboard&utm_source=indeed&utm_source=indeed-organic&utm_medium=jobboard&utm_audience=null&utm_content=null&utm_format=null&utm_code=JB-17946&source=JB-17946&rx_p=R2SDLUUWHE&rx_viewer=a2942c2ba77011efb124514219a2116fd3d436b071434b8cb5e23e18124967c6,X,,11/20/24,
Popular,IT Senior Auditor,Security,https://jobs.popular.com/job/San-Juan-IT-Senior-Auditor/1223600500/,X,,11/20/24,
Doosan Bobcat,2025 Product Management Student Experience,Product,https://jobs.doosan.com/job/Various-Locations-See-Below-2025-Product-Management-Student-Experience-ND-58078/1208877800/,,X,11/20/24,
Reworld,Sr. IT Internal Auditor,Security,https://reworld.wd5.myworkdayjobs.com/en-US/External/job/USA-NJ-Morristown/Sr-IT-Internal-Auditor_JR8827,X,,11/20/24,
Purposeful Growth Institute,Summer 2025 National Parks Business Plan Internship,Consulting,https://cmu.joinhandshake.com/edu/jobs/9488386,,X,11/26/24,
Intuitive,Data Science Intern,Data,https://careers.intuitive.com/en/jobs/744000027697663/JOB9728/data-science-intern/,,X,11/26/24,
ibotta,Data Privacy Intern,Security,https://jobs.ibotta.com/jobs/internships/denver_job_posting/data-privacy-intern/R-101572,,X,11/26/24,
ibotta,Machine Learning Intern,Machine Learning,https://jobs.ibotta.com/jobs/internships/denver_job_posting/machine-learning-intern/R-101567,,X,11/26/24,
ibotta,Information Security Intern,Security,https://jobs.ibotta.com/jobs/internships/denver_job_posting/information-security-intern/R-101574,,X,11/26/24,
Blue Shield of California,Program Management Intern,Program Management,https://ecge.fa.us2.oraclecloud.com/hcmUI/CandidateExperience/en/sites/CX_1003/job/20242207/?utm_medium=jobshare&utm_source=External+Job+Share,,X,11/26/24,
Blue Shield of California,Information Security Intern,Security,https://ecge.fa.us2.oraclecloud.com/hcmUI/CandidateExperience/en/sites/CX_1003/job/20242118/?utm_medium=jobshare&utm_source=External+Job+Share,,X,11/26/24,
Playstation,Program Management Intern,Program Management,https://job-boards.greenhouse.io/sonyinteractiveentertainmentglobal/jobs/5343070004,,X,11/26/24,
Playstation,Artificial Intelligence Intern,Machine Learning,https://job-boards.greenhouse.io/sonyinteractiveentertainmentglobal/jobs/5340584004,,X,11/26/24,
Lucid Motors,Program Management Intern,Program Management,https://job-boards.greenhouse.io/lucidmotors/jobs/4486807007?utm_source=skillsire&utm_medium=skillsire&utm_campaign=skillsire&source=skillsire&ref=skillsire,,X,11/26/24,
Grammarly,"Software Engineer, Full-Stack",Software,https://job-boards.greenhouse.io/grammarly/jobs/6356355,X,,11/26/24,
Grammarly,Privacy Analyst,Security,https://job-boards.greenhouse.io/grammarly/jobs/6247853,X,,11/26/24,
Grammarly,Security Engineer,Security,https://job-boards.greenhouse.io/grammarly/jobs/5669722,X,,11/26/24,
F5,Technical Product Management,Product,https://ffive.wd5.myworkdayjobs.com/en-US/f5jobs/job/Manager--Technical-Product-Management_RP1031016?source=LinkedIn&utm_source=careerwatch.apexearlycareers.com&utm_medium=newsletter&utm_campaign=30-internships-you-can-t-miss-out-on&_bhlid=aaf19ccf7c5c2059c5dd66f75a1822fc6c22b141&locationCountry=bc33aa3152ec42d4995f4791a106ed09,X,,11/26/24,
F5,Senior IT/Cyber Auditor,Security,https://ffive.wd5.myworkdayjobs.com/en-US/f5jobs/job/Senior-IT-Internal-Auditor_RP1031924-1?source=LinkedIn&utm_source=careerwatch.apexearlycareers.com&utm_medium=newsletter&utm_campaign=30-internships-you-can-t-miss-out-on&_bhlid=aaf19ccf7c5c2059c5dd66f75a1822fc6c22b141&locationCountry=bc33aa3152ec42d4995f4791a106ed09,X,,11/26/24,
Micron Technology,IT Business Process Analyst,Program Management,https://careers.micron.com/careers/job/25947742,X,,11/26/24,
Tanium,Product Manager - Analytics,Product,https://www.tanium.com/careers/6394668/,X,,11/26/24,
Tanium,Technical Program Manager,Program Management,https://www.tanium.com/careers/6281152/,X,,11/26/24,
Maximus,Cybersecurity Engineer,Security,https://maximus.avature.net/careers/FolderDetail/United-States-Cyber-Security-Engineer-AJ-7-years-Phase-3-SOURCING/26280?source=Appcast&iieid=58334412654&_ccid=1727406522959ne31jrfd3,X,,11/26/24,
Blue Shield of California,"Business Analyst, Consultant",Consulting,https://ecge.fa.us2.oraclecloud.com/hcmUI/CandidateExperience/en/sites/CX_1003/job/20242156?utm_source=Appcast,X,,11/26/24,
Playstation,Technical Program Manager,Program Management,https://job-boards.greenhouse.io/sonyinteractiveentertainmentglobal/jobs/5377174004,X,,11/26/24,
Playstation,Senior IT Systems Analyst,BI/Analytics,https://job-boards.greenhouse.io/sonyinteractiveentertainmentglobal/jobs/5365027004,X,,11/26/24,
Lucid Motors,Sr. Cybersecurity Analyst - Risk Management,Security,https://job-boards.greenhouse.io/lucidmotors/jobs/4556150007,X,,11/26/24,